{"cameraMode":{"drawMode":0,"name":"Shaded","section":"Shading Mode"},"sceneLighting":true,"audioPlay":false,"sceneViewState":{"showFog":true,"showMaterialUpdate":false,"showSkybox":true,"showFlares":true,"showImageEffects":true,"showParticleSystems":true},"in2DMode":false,"pivot":{"x":1.0848884582519532,"y":-0.1997085064649582,"z":-2.156607151031494},"rotation":{"x":-0.3589704632759094,"y":0.25655826926231387,"z":-0.103379987180233,"w":-0.891514778137207},"size":7.8802008628845219,"orthographic":true}